<?xml version="1.0" encoding="UTF-8"?>
<jcr:root xmlns:sling="http://sling.apache.org/jcr/sling/1.0" xmlns:cq="http://www.day.com/jcr/cq/1.0" xmlns:jcr="http://www.jcp.org/jcr/1.0" xmlns:nt="http://www.jcp.org/jcr/nt/1.0" xmlns:rep="internal"
    jcr:mixinTypes="[rep:AccessControllable]"
    jcr:primaryType="cq:Page">
    <wcm jcr:primaryType="nt:unstructured">
        <foundation jcr:primaryType="nt:unstructured">
            <components jcr:primaryType="nt:unstructured">
                <responsivegrid jcr:primaryType="nt:unstructured">
                    <policy_1516969756491
                        jcr:lastModified="{Date}2018-01-27T09:14:12.513+11:00"
                        jcr:lastModifiedBy="admin"
                        jcr:primaryType="nt:unstructured"
                        jcr:title="EntryPoint-Policy"
                        sling:resourceType="wcm/core/components/policy/policy"
                        components="[/libs/wcm/foundation/components/responsivegrid,group:entrypoint]">
                        <jcr:content jcr:primaryType="nt:unstructured"/>
                    </policy_1516969756491>
                </responsivegrid>
            </components>
        </foundation>
    </wcm>
    <core
        jcr:primaryType="nt:unstructured"
        sling:resourceType="nt:unstructured">
        <wcm
            jcr:primaryType="nt:unstructured"
            sling:resourceType="nt:unstructured">
            <components
                jcr:primaryType="nt:unstructured"
                sling:resourceType="nt:unstructured"/>
        </wcm>
    </core>
</jcr:root>
