<?xml version="1.0" encoding="UTF-8"?>
<jcr:root xmlns:sling="http://sling.apache.org/jcr/sling/1.0" xmlns:granite="http://www.adobe.com/jcr/granite/1.0" xmlns:cq="http://www.day.com/jcr/cq/1.0" xmlns:jcr="http://www.jcp.org/jcr/1.0" xmlns:nt="http://www.jcp.org/jcr/nt/1.0"
    jcr:primaryType="nt:unstructured"
    jcr:title="Raspberry"
    sling:resourceType="cq/gui/components/authoring/dialog">
    <content
        granite:class="core-wcm-raspberry-v1"
        jcr:primaryType="nt:unstructured"
        sling:resourceType="granite/ui/components/coral/foundation/container">
        <items jcr:primaryType="nt:unstructured">
            <settings
                jcr:primaryType="nt:unstructured"
                jcr:title="Settings"
                sling:resourceType="granite/ui/components/coral/foundation/fixedcolumns"
                margin="{Boolean}false">
                <items jcr:primaryType="nt:unstructured">
                    <columns
                        jcr:primaryType="nt:unstructured"
                        sling:resourceType="granite/ui/components/coral/foundation/container">
                        <items jcr:primaryType="nt:unstructured">
                            <chartunique
                                    jcr:primaryType="nt:unstructured"
                                    sling:resourceType="granite/ui/components/coral/foundation/form/textfield"
                                    defaultValue="http://raspberrypi.local:5000/endpoint"
                                    fieldLabel="Unique"
                                    fieldDescription="http://raspberrypi.local:5000/endpoint"
                                    name="./chartunique">
                            </chartunique>
                            <charturl
                                jcr:primaryType="nt:unstructured"
                                sling:resourceType="granite/ui/components/coral/foundation/form/textfield"
                                defaultValue="http://raspberrypi.local:5000/endpoint"
                                fieldLabel="URL"
                                fieldDescription="url to raspberry"
                                name="./charturl">
                            </charturl>
                            <chartcontinuescheck
                                    jcr:primaryType="nt:unstructured"
                                    sling:resourceType="granite/ui/components/coral/foundation/form/checkbox"
                                    text="Check to enable heartbeat"
                                    name="./chartcontinuescheck"
                                    value="true">
                            </chartcontinuescheck>
                            <typeofchart
                                jcr:primaryType="nt:unstructured"
                                sling:resourceType="granite/ui/components/foundation/form/select"
                                fieldLabel="Type of Chart"
                                name="./typeofchart">
                                <items jcr:primaryType="nt:unstructured">
                                    <line jcr:primaryType="nt:unstructured"
                                             text="line"
                                             value="line"/>
                                    <pie jcr:primaryType="nt:unstructured"
                                               text="pie"
                                               value="pie"/>
                                    <bar jcr:primaryType="nt:unstructured"
                                         text="bar"
                                         value="bar"/>
                                </items>
                            </typeofchart>
                            <chartjsheight
                                    jcr:primaryType="nt:unstructured"
                                    sling:resourceType="granite/ui/components/coral/foundation/form/numberfield"
                                    min="0"
                                    step="1"
                                    fieldLabel="Height"
                                    name="./chartjsheight">
                            </chartjsheight>
                            <chartjswidth
                                    jcr:primaryType="nt:unstructured"
                                    sling:resourceType="granite/ui/components/coral/foundation/form/numberfield"
                                    fieldLabel="Width"
                                    min="0"
                                    step="1"
                                    name="./chartjswidth">
                            </chartjswidth>
                        </items>
                    </columns>
                </items>
            </settings>
        </items>
    </content>
</jcr:root>
